update_id	opportunity_id	account_id	update_date	channel	author_role	synthetic_notice	source_access_level	update_text
SLK-1001-01	OPP-1001	ACC-2001	2026-04-27	#acct-northstar	AE	SYNTHETIC: generated for the exam dataset; no real people, companies, or data	standard	Recap of the 04-24 document review with Iris Calder and Amara Quinn: procurement raised no new commercial asks, legal only needs the data-retention policy excerpt, and procurement expects the signature package next. Owner matrix and payment schedule are still due 04-28.
SLK-1001-02	OPP-1001	ACC-2001	2026-04-29	#acct-northstar	CSM	SYNTHETIC: generated for the exam dataset; no real people, companies, or data	standard	Iris Calder is out of office 05-04 to 05-08. Her deputy can receive the signature package but cannot sign. Finance approval of the payment schedule needs to land before 05-04 or signature slips toward the 05-17 close.
SLK-1001-03	OPP-1001	ACC-2001	2026-05-02	#acct-northstar	SE	SYNTHETIC: generated for the exam dataset; no real people, companies, or data	standard	Pavel Stone now wants the two legacy-appliance sites migrated before the pilot sites, the reverse of the pilot-first sequencing agreed in the March planning session. Unclear whether Marco Devlin agrees.
SLK-1002-01	OPP-1002	ACC-2002	2026-04-28	#acct-meridian	SE	SYNTHETIC: generated for the exam dataset; no real people, companies, or data	standard	Clara Esteves says plant readiness sign-off for the first cutover factory sits with a site IT lead who is not in our contact list. They asked for on-site support during cutover week.
SLK-1002-02	OPP-1002	ACC-2002	2026-05-01	#acct-meridian	AE	SYNTHETIC: generated for the exam dataset; no real people, companies, or data	standard	Proof closeout pack went to Julian Maro's office last week, I consider that item closed.
SLK-1002-03	OPP-1002	ACC-2002	2026-05-04	#acct-meridian	CSM	SYNTHETIC: generated for the exam dataset; no real people, companies, or data	standard	Lena Frost reconfirmed that finance approves only a staged payment tied to acceptance of the closeout pack, with capped enablement.
SLK-1003-01	OPP-1003	ACC-2003	2026-04-29	#acct-eclipse-restricted	AE	SYNTHETIC: generated for the exam dataset; no real people, companies, or data	sensitive_pricing	Darin Holt followed up in writing and still wants the larger reduction or a shorter term modelled. Reminded him the aggressive option is unapproved and internal-only.
SLK-1003-02	OPP-1003	ACC-2003	2026-05-03	#acct-eclipse-restricted	AE	SYNTHETIC: generated for the exam dataset; no real people, companies, or data	sensitive_pricing	Heard from a colleague that Deal Desk verbally okayed a mid-teens discount for Eclipse, nothing in writing yet.
SLK-1003-03	OPP-1003	ACC-2003	2026-05-06	#acct-eclipse-restricted	CSM	SYNTHETIC: generated for the exam dataset; no real people, companies, or data	restricted	Priya Sato's office set the board sponsor review for 05-21, so the internal package comparison must be final by 05-19. Research IT exception-owner confirmation from Mateo Ruan is still outstanding.
